firstName;middleName;lastName;email;vacancyId
Maria;Meli;DosSantos;maria@gmail.com;2
Hector;Lee;Contreras;hector@gmail.com;3
Jose;Rene;Artes;jose@gmail.com;5
Milan;Emil;Burgo;milan@gmail.com;6
Emilia;Ness;Bester;emilia@gmail.com;6
Nolan;Anel;Sossa;nolan@gmail.com;7
Marco;Lester;Bare;marco@gmail.com;5
Liz;Edith;Mello;lis@gmail.com;1
Nixandra;Amyr;Toles;nix@gmail.com;8